n1,n2,theta1,theta2
1.3869780242779817,1.3434441745781087,67.41855750451776,72.41219084169359
1.2194392198760262,1.6207834290755598,35.71115937149676,26.05040243284835
1.4292989599556911,1.3903210400274293,76.23801292480827,86.88522312040281
1.348684014529682,1.406628697110303,52.06356717741894,49.13067312291427
1.0470886739438248,1.742597969121147,9.271909225539954,5.55570317321552
1.4878111758183779,1.5750491740991632,70.80743905814406,63.139607098473476
1.3805698509951765,1.9452967151084966,39.141215266463824,26.614434936308967
1.3930321526384768,1.5234095462256492,11.331117437832399,10.35016177582032
1.0640568163377728,1.8083260898687308,12.215210707313657,7.1519170467912145
1.2251929689477836,1.6227696011084354,55.00271480878975,38.205314186107515
1.1853990121162905,1.7619659107904952,3.7898005383591826,2.5486483455385383
1.4633824944243008,1.7197867497011932,22.927501193105062,19.35895650578945
1.3219325600403322,1.6309487809312988,11.183007237589448,9.044232178732662
1.411380806635415,1.965042766237106,35.28619436938274,24.51312628431115
1.2217070994136656,1.5398995499284691,33.1483017595489,25.710231310941946
1.1136193608923883,1.4240648508744909,41.75011477510847,31.380622776416683
1.2772923935079175,1.77466584261588,22.370906328202416,15.89840601287933
1.0319086280520877,1.8922052929155362,2.5634871502541756,1.397662473075088
1.413815585996291,1.3281776179579468,49.15088852281486,53.63034169986375
1.3158321995610325,1.6147428818958764,29.89744023058811,23.965054055228574
1.379043870042687,1.9247413827811284,52.106799899203715,34.43127525432143
1.1772629840649342,1.8247330332460074,8.693357664341477,5.596091340924511
1.4853490121974517,1.9942654015483399,1.1021884235240265,0.820898523892441
1.4465605606610987,1.6719896681180706,19.86353983082342,17.09575486452969
1.389191748536881,1.7619970031608059,36.52378583952418,27.984494240471122
1.0973193539259838,1.5117361967965497,31.525757933477383,22.305355599030136
1.2333605018635172,1.9632749197661945,64.82420442187731,34.64845573898893
1.0219018828936144,1.5564348419895755,30.227011535425916,19.301140282762432
1.077144746033774,1.81695749888064,42.43529436824631,23.579145977701668
1.3415244766212273,1.5821981428833574,47.48124739537538,38.677783702988556
1.3723810779539085,1.6932732510440995,1.7465113316649283,1.4154547809109368
1.483754866217105,1.8038477745150825,41.21067014769512,32.81445238416381
1.162912679069076,1.656253906225948,27.586500751907028,18.974628196781257
1.1852298530174346,1.934960428836656,33.70241021466037,19.869730306858767
1.234777905637904,1.5935106915494672,8.02299187962002,6.20869477476779
1.0947356795421428,1.7529502587003276,62.62564525189162,33.68168990390415
1.0649607526677358,1.539653703310038,75.3923400646818,42.01537369827999
1.2378524631129668,1.585709667761709,1.7815056503680005,1.390609121914269
1.1134546745254421,1.6080350757634867,48.10982102490783,31.02849215329232
1.334906997341255,1.3880649128185998,61.10752538306865,57.35175214372023
1.2185759594361654,1.3642065753413046,22.784607091991155,20.238370015116434
1.4163390980289188,1.7672429462027306,63.00444678905734,45.570836602333074
1.3501325510011246,1.7588624168401366,50.588404061304104,36.3747947260811
1.1561833206910206,1.7640367999470667,74.3330105816856,39.12900498101204
1.4161299006976005,1.3138365117398842,78.48038490830183,
1.402382178748401,1.528582789870246,3.3876891198963843,3.10771269561911
1.1937391895150873,1.438466893081438,35.5950208821605,28.883301246809157
1.144164051965122,1.8447059957808087,43.75902300625746,25.40258964534028
1.3412477519874877,1.902441280977291,11.739458656612198,8.247144135551125
1.0698762418046548,1.472676264058303,26.902866434188937,19.191051096748513
1.0999541012375542,1.7674944111935904,79.01179582051694,37.655659483346746
1.0036811348755028,1.390553962420792,1.2984365073977155,0.9371536977999928
1.3934621887510692,1.4926067679211994,36.200634521950725,33.461995984147855
1.3324254282960162,1.3970581473633936,67.41236973745569,61.7122194553192
1.3525826893131676,1.4984645366194604,25.912101017543073,23.23159997900438
1.390364515510984,1.7723155831444946,38.383880220412266,29.150902752725184
1.22945788776917,1.9372288371296769,78.2436596630384,38.413665740994205
1.2843705979764468,1.4417656855469303,37.99014691805631,33.25252201771975
1.0698984990638287,1.6794553244655035,10.473704971719924,6.650105754426004
1.0572650367679868,1.7909737708704025,4.137719333311285,2.441234649786873
1.3342014808952358,1.967045727939896,75.63332579519587,41.07645234276248
1.2355481030715663,1.7270423380210218,21.264753062005255,15.038288089430788
1.2826180532405944,1.4785748517191666,40.32511252516407,34.14990944937227
1.3824994287080128,1.7378347098397553,7.256141287197488,5.766790779081799
1.3173591600002954,1.5243438131746114,33.892409644048406,28.81061803207441
1.2767897003289979,1.9832898734841953,74.40844154000993,38.32227994343427
1.2796035803727068,1.579773294614546,40.19303949047507,31.51624824626057
1.151975049031306,1.77979940453271,77.69081214418622,39.22523592658873
1.0154089172839698,1.316259307642731,20.706850978991973,15.829120861849484
1.2183586946161813,1.5800430122943288,40.36361917631497,29.95946424537126
1.1072923364097647,1.9125753293257581,68.76246334474602,32.65879010571713
1.2042643218623181,1.727159211103272,35.8601883642995,24.107908033537484
1.426701536634083,1.6107600204771835,22.358989885615166,19.690549518511283
1.1169697429326704,1.9551562496050081,68.43802907343053,32.09438342641493
1.029151370844533,1.8977890633030605,31.19115750980872,16.310887955515867
1.1406919460109983,1.525550971676057,42.45786328481873,30.31474736974868
1.1467968788833418,1.6811838814289377,78.12216531321165,41.87679515334473
1.3309582573634475,1.642876979264724,14.918663580469111,12.038460856273954
1.2785160761706391,1.7425417500804037,24.112050937614853,17.441748098856795
1.3919491045532069,1.533877886871129,2.4855680055871954,2.2554549757065505
1.3321567701636938,1.4709435005361218,31.34701679280422,28.10807513680445
1.2031934307200354,1.9388702846788752,16.014674446788764,9.857797076157393
1.4070101923330174,1.9467121496489543,54.402794832631315,35.99389993563362
1.083486459953852,1.8903260200333853,14.50571670126819,8.254292928483514
1.0113560365669303,1.984743101535193,53.98502019246958,24.341135461479304
1.0450239303878208,1.8214940680457818,21.078034255145415,11.907450852709834
1.3611796752982253,1.8352670599933998,28.417426729695983,20.668412348770133
1.2309386151256936,1.8338130643738486,27.9088521637118,18.311764383960792
1.080635889516801,1.6364253416596146,57.34014001308875,33.7763780309707
1.2505223875516818,1.6195165361599901,37.32074105106744,27.913693239277563
1.0761560513565842,1.4681583933043023,28.903911908214646,20.74984241524284
1.348160187538868,1.7513734360515034,68.20981752315599,45.62454969876773
1.2230781377870152,1.5025240952716343,45.756050051296214,35.67176647484577
1.1905106130482412,1.480465886791648,17.106465702239824,13.682303672524483
1.1507560445739382,1.7101729618672383,72.00730225149461,39.79045264224663
1.3151412965594442,1.5869876717575302,27.41202368269125,22.428070526310478
1.1809063052766953,1.4531996261562425,3.1183502029856314,2.5336240333969946
1.0438249596580504,1.8712392117269818,39.56801791795623,20.81375563800273
1.0590029510602577,1.9023989435060633,9.915044355270224,5.500317259562103
1.4809488322747573,1.4173896637744468,19.077315497259406,19.96830143026739
1.4542903453538036,1.30525492296,59.76886981499288,74.292006521991
1.3498535669053748,1.5352909779705617,10.460145070105487,9.185023098333811
1.1329349807297597,1.8582575849765268,64.55553794832285,33.40397875534777
1.4845881886738619,1.887421706364027,74.95258305047629,49.42885708303212
1.3893754519828974,1.3968303490812346,48.522568032635576,48.17783404238825
1.3584450945794977,1.842035130828136,56.82873536182634,38.11856104323477
1.2246807510718942,1.3809929171166007,57.08692879259339,48.11401267104718
1.1361207809225795,1.5730438131095705,79.4246365816356,45.23294625474342
1.0481954810767498,1.999026660508341,27.32306097612983,13.926781682433475
1.4513011982719208,1.434813576261637,13.028524099416199,13.180918450424791
1.2278881449168055,1.4077745078043384,41.533378793145715,35.3332033595556
1.1011816823976153,1.5959602327827556,42.659984786536654,27.87620831318047
1.1529783120753263,1.733767968178903,14.232999063691558,9.410333444786742
1.289609784470948,1.9530305476892773,49.04875351953116,29.914845355438565
1.088386391469616,1.986574801873124,1.1299786781459176,0.6190542727260556
1.4283071420461877,1.3487484456139762,74.21347219633772,
1.379259764917605,1.3965982621435338,21.16594222570093,20.890782013084763
1.3597314779754683,1.8535165817271957,3.1648166712153447,2.32114979218173
1.2160465198875519,1.4894425065896024,8.659955317988564,7.061342107368765
1.3136544203512215,1.9193943416544523,19.219915862371337,13.020788770541907
1.2920489844563678,1.7644172800603608,21.91249348848362,15.85953699910025
1.32492330077741,1.378291361666474,2.6247999598182936,2.523099451699688
1.0422221605699447,1.882770499446805,22.348384975498334,12.150677501823763
1.2079037010853049,1.4234494660056531,15.43533891947857,13.052798328962865
1.0208070869309462,1.5964467762757577,30.28967419476149,18.81465360025766
1.2469954096222595,1.686529449991531,30.813418988477537,22.25601626915442
1.1649306061663927,1.6505363043561947,27.120619248230327,18.76847217473284
1.0722620944330234,1.7803140409306053,26.23391068245632,15.440263418743637
1.051701483861276,1.7568807144084786,7.178502219300098,4.289958710288541
1.293822286088856,1.9944294038696384,2.0163957700929735,1.3079158537908826
1.0852964842684432,1.9995953364569314,16.16914401251733,8.693226478341492
1.4625600591883985,1.6615215818449487,60.53195419332923,50.02949178663372
1.2905305698501974,1.3666393608726048,79.26478124408976,68.0917718875573
1.1734349022674184,1.809490309278103,74.28209400458633,38.62645049200146
1.2954577457407084,1.9836648547516125,40.33754844302149,25.00647418509634
1.0114019355148487,1.5228284713403142,42.545908462234735,26.68546030680857
1.4792796066207226,1.6228462200863016,25.166525522867403,22.807135543662444
1.2411517184714502,1.5973438473708192,61.9151550910125,43.27635397839605
1.3913676136251432,1.3359934081898506,61.18053503461189,65.84717287264316
1.0413649999612193,1.7705851018564114,67.54178860659556,32.92504054149297
1.2433291654190801,1.5473363865479275,71.64036617575076,49.696391290964556
1.2453534971772604,1.8512247122420515,34.747939858023656,22.54615908018662
1.4689132274874914,1.8824840526973903,61.350045448575806,43.21746521085079
1.2858640261880376,1.8748615506184918,64.51189830367029,38.25005602081153
1.2367447005284768,1.5916661986279161,24.676769799820015,18.929333875456322
1.133487831545947,1.5250819775686297,74.339379520492,45.695688415790684
1.1657844986712762,1.8241745457669385,7.547320211172437,4.81503331324132
1.2603362012357688,1.8609726036899061,79.54153433306263,41.75868281096581
1.2194557301525233,1.6438802124739564,61.607257452709554,40.73652612456588
1.0108060399401653,1.9251217136754122,7.46167242594618,3.909800658728467
1.413145962097179,1.4007360872549908,52.49837184840005,53.16493626414202
1.4480803859198834,1.9153481457612722,2.7343528742608125,2.066944633073891
1.0701245444993055,1.367266663080317,61.614955955534626,43.5174545263403
1.2770180717695248,1.4074678654382298,63.93783373272442,54.5931130825661
1.0542878705677219,1.6736880092917723,48.192820247315815,28.004238397612617
1.336120046519906,1.3472629361311905,68.54883135332564,67.37340592376097
1.140616891919504,1.3369649709800773,7.830662417188776,6.674953422468992
1.329711317345951,1.3003631209159938,22.073907363265057,22.599287958634445
1.3634973071434413,1.6054216617859842,33.13420172741364,27.660616137406972
1.3843237459588285,1.8422367169045608,3.396636226247862,2.5517048260789235
1.0538704729779482,1.324386845195941,35.857287005693294,27.782766935096582
1.458005922568804,1.756580324526099,21.21707648900528,17.48091658566484
1.1151069954474404,1.8761891221913305,31.41880096814024,18.048796328161686
1.0187062780880898,1.4176005940045098,34.008210559384516,23.698805271491352
1.2774262346957417,1.402804614374983,70.35293867901481,59.04906626849393
1.1854611419312193,1.9025606815343754,21.627277642211126,13.27643540749292
1.4148948715662066,1.8761872269650663,71.49945029730176,45.65630941932394
1.4041257360321509,1.6772592363849308,34.07767718502794,27.974045525621538
1.1585694464113576,1.8734399155057861,26.22461765551888,15.859162206148769
1.4764496975348724,1.3649292541971463,40.20096394681168,44.283422804259004
1.1454589190700593,1.576137062557128,33.419462909027175,23.5949592729675
1.2575285646158574,1.8164582892744612,20.589785044411684,14.091041741817671
1.1279825452838015,1.4802163715267744,40.214345983685355,29.472754160215352
1.4680217850244817,1.826630240103487,12.144138646306502,9.733812972442271
1.0823039087910091,1.6529250230735697,28.154395441837288,17.996437266157248
1.0224553096961646,1.825186191563763,45.26321754992725,23.448922071869784
1.217548530001519,1.6252757465001308,33.072659551188686,24.129711815205315
1.4961877820279186,1.5575330381552723,65.91298888406372,61.278993313078566
1.4458386331274569,1.4534324515350427,20.5377409228133,20.42563250674782
1.3743040097284747,1.4458655390045105,77.5817263064808,68.16638841700986
1.4453962454392624,1.826043567399977,62.777761668108106,44.73855799752021
1.4467233198489315,1.3832372436237723,77.40744207979778,
1.2594291801932245,1.3601876450776615,67.05092438642433,58.49975602443522
1.1579645259153966,1.4234039555154911,11.368314068131413,9.22760277457127
1.386006216055494,1.4227425580177453,42.1168072508011,40.79296680543063
1.3308306315838805,1.8761753359648299,13.598281695662857,9.600251642185262
1.186828864436855,1.5789546364319487,65.45818821018058,43.13731218041592
1.0472333340307576,1.9932719201523377,46.732971934663674,22.492811039343877
1.373394805674513,1.3960478804534286,21.075945148552464,20.7180750478779
1.1312302579614324,1.7574778779855502,74.3679177605737,38.30582403188969
1.4684065752668896,1.6141106550408755,9.214884265140855,8.376783818389852
1.1204852875028424,1.5750427236879518,45.10899227770512,30.264443178817068
1.061378966205743,1.9125589393378575,57.683244373338034,27.968966096876283
1.415556336062453,1.9829169520798797,4.707882986594543,3.3589867304731094
1.076642158312247,1.911001271141925,47.82848265649629,24.68008085056146
1.0896341540788694,1.4346104753245932,65.27209723704753,43.62119579943287
1.2996913957604217,1.454558544846254,5.40218515344427,4.825567555221676
1.4372810204187323,1.7592517153665443,40.97943768853017,32.39605151676948
1.0982173328572866,1.5023585071467342,20.6845742518992,14.963545156137352
1.1551618364500473,1.814307591546406,53.03395612295367,30.57826036941776
1.3887024191205888,1.6964944555667514,9.494189366307593,7.759859001667819
1.4859132130304837,1.685636137943282,74.96411445364055,58.35715356689844
1.250370593101171,1.87998284738715,71.57828653717854,39.125032543885844
1.0719487512756254,1.7973729402198746,14.877953590056734,8.80845005502561
1.0069681438541007,1.3186044354981041,25.86127074920837,19.45731558058754
1.1148280149994276,1.334621396002211,47.010797972243445,37.66310260314662
1.0659111088932605,1.721090916719211,57.444986930740036,31.46730517018252
1.3388293368064288,1.6403344529355928,35.41248121282066,28.225964806974776
1.0609162523142657,1.482129258740094,12.503305756878005,8.914997367103636
1.2531649658103166,1.5930592611203611,8.332119504229727,6.545533786809864
1.3471312178214432,1.8305372231130024,79.98122695314751,46.44381643294376
1.2905583046104512,1.878628039260551,36.42816971547898,24.07498557629818
1.0998878258300289,1.692856147523031,69.80253993187985,37.57291670370932
1.4020622630911315,1.569758636599972,38.590080370329154,33.856173460284914
1.3577035648079008,1.489487733046575,73.78861108368027,61.07813234135249
1.369492001957771,1.6653429295384774,7.020750621724048,5.768807273695022
1.0655288757786567,1.5203247329950667,9.121535306764077,6.379084149085774
1.0618769018251724,1.694866595933056,74.37057501793794,37.110860873165116
1.4637812755032538,1.7736566677567462,75.7994436035828,53.13694750380938
1.1987890969124704,1.3462554476435764,25.177395797229067,22.26075298584769
1.1504743458904698,1.3007472255159231,28.41319095950975,24.888601036009135
1.2442920226757668,1.44859399718852,36.19601878678064,30.48159968254294
1.3314321063817913,1.9261580484031469,33.292934405383264,22.29861222358856
1.477811628523485,1.7524035342599915,15.203617276767734,12.776996348226533
1.1432231134410276,1.420372246355916,71.87003071514997,49.89953027741156
1.4624042146560137,1.923184773276533,20.2646080564515,15.270233433461097
1.0124297456931282,1.628969158201138,56.42179275821213,31.185085085287312
1.2775990211634123,1.6332642296750626,5.372454218797831,4.200135391724693
1.3169875558405426,1.9548793606898585,3.1001065222743573,2.087961707668534
1.0529487018753767,1.341640684528338,52.29843780615365,38.386002235211684
1.0701697985319563,1.450624792240103,27.121268605860827,19.652401990920207
1.2095571596581518,1.7100399276083058,52.43675141760011,34.103145181094206
1.483115956071591,1.436840556707403,7.521696173506429,7.765413065111991
1.2980212766171864,1.7756689064462705,75.98811039326907,45.17420680738783
1.4665116108001057,1.4498646025357043,59.881157351447634,61.0352744603172
1.4021804578064854,1.36940987941917,70.10137864206393,74.32251759602092
1.2336908007776457,1.4448896117485879,10.917644323560873,9.306376093024141
1.3923817246260937,1.5959138239904436,25.612877511429552,22.157708493887657
1.0089183919884939,1.423296809421156,29.467533136507527,20.408419819471437
1.0545719983828674,1.3942844174463431,42.97381186614548,31.036164543921828
1.4147143074413682,1.9021973203532587,23.74947884059314,17.429204370771462
1.3984085441625809,1.5242780425181155,4.850459375152409,4.449081998485432
1.1163203709832168,1.5525310805627774,29.510270458997656,20.74324207892297
1.2653847952995267,1.3386892866508593,20.36394517018257,19.203675102725864
1.3030079103500054,1.550158736451438,30.87370331705719,25.552204854639115
1.4338694768880056,1.4853650241251057,15.7567634096021,15.197059769518058
1.3015535786693628,1.7273395471392519,20.951709965178836,15.630823668000234
1.2062857846368402,1.4437732083706847,50.1561872345815,39.90367184172576
1.1870920217035914,1.9218558171439883,31.052306766245206,18.579003516027225
1.2129410431867549,1.9507666346436885,27.630671453559366,16.759890580391424
1.325965512789987,1.3698817400237533,42.712450617789834,41.03907019705297
1.4337453158761624,1.375182069402004,61.74884326751406,66.69244597270098
1.22694844103815,1.3807285066776915,30.30943650783658,26.645030577026592
1.1239197814756792,1.7336984794172183,47.001559404467244,28.302918236798188
1.1183311814987906,1.385378274946736,77.2962100294541,51.950415182442995
1.3730071401217232,1.8966676225511865,41.758409129444054,28.82358254418407
1.4082843817119552,1.8279900604565247,72.78380612140356,47.38183642593796
1.0526390399270624,1.8738662007666167,63.493809940514154,30.178776319894038
1.033279428477589,1.6682423688202146,4.6974945320119765,2.9075331876434434
1.297216831878226,1.9976740480634074,34.32790971754055,21.4811173328213
1.073086622096349,1.330922572060913,55.86547262948705,41.8644012914173
1.4123320952281706,1.5808854749302794,78.93695299585599,61.256149808220314
1.1551673369620372,1.5267556682563455,36.670103292921006,26.8628240774089
1.0719359664855714,1.9640518490988488,7.422836330139155,4.043251425684203
1.460485236243725,1.7038026709483152,44.96073397702943,37.27998033937869
1.0827658613676392,1.8643336758113076,10.125103369916824,5.860100345138211
1.1423600411689678,1.4192388355609633,60.12156482235147,44.260773912215456
1.0768066975960293,1.9850439007303073,40.61415979694223,20.67830961032093
1.0577450318326775,1.6490476828134206,57.87450947018292,32.9028255467439
1.01057400816822,1.645570453389452,69.54894615028189,35.12838659563547
1.02769770458213,1.9796193099820165,50.315841373022174,23.54798916420221
1.0873207354679264,1.5665126528520015,48.99514634025452,31.587993679465246
1.0266909663135877,1.578267517188495,60.3656236351705,34.43208445903635
1.2955719080554857,1.7093268919634557,67.39640011621339,44.40471867035952
1.3403572633997531,1.389636827383451,69.52430290216022,64.63523994177373
1.196815228416014,1.5247599384882984,2.9144156546306643,2.2872054641126924
1.1589955484760246,1.4352458257115914,44.495223743823146,34.46850146454713
1.252263118511115,1.3722984353749348,17.301544783804115,15.746812344866399
1.4375024711173043,1.9063012244317141,68.82767126254267,44.68251728933276
1.425565813411103,1.7125318162892333,51.871814816268895,40.905769788282264
1.021737531006396,1.5510709540695378,33.61779832259505,21.38950512384068
1.090749204798262,1.586068564156699,15.048338249708104,10.285418980455512
1.118372435552198,1.6020633025811484,27.12189007358612,18.556844327596952
1.1246937879161059,1.7432044275012966,56.30221556321796,32.4647264384925
1.2856163258713864,1.9487385740422953,16.3487636169311,10.701916995195461
1.2081312128515962,1.9529457337598877,7.48663562706982,4.623229648015748
1.024627059963797,1.5740443856714643,71.04230065820408,37.99868108246357
1.1868070692297858,1.5304837217184386,61.13682796640934,42.77460070389563
1.2618764743588187,1.6157325501296786,15.983594452650607,12.418812132465074
1.050835951451858,1.6975539612999448,23.384923474399333,14.223013421947504
1.4167292768942799,1.6232725380148239,77.76561417047085,58.532874798457414
1.0259809332325522,1.7611273868716908,56.654758940729394,29.121553636954765
1.462420934509031,1.6880793163658345,48.84176033710598,40.7114300818791
1.0495565707899377,1.5245008826858533,24.61027883393043,16.66076840332368
1.4217874757988764,1.5420115640338428,23.93001153332178,21.962267991965224
1.4513265719638087,1.5650149512918117,3.1618894952184373,2.93198974877613
1.4897853402932963,1.3662478377745721,58.27854935215451,68.05265431955873
1.4010129401367968,1.4162438426897812,3.454018004550763,3.4168276541566907
1.3897387703856645,1.8061796615017705,0.3885870221823229,0.2989917187603462
1.3212416379977738,1.572367698065456,58.35960702887833,45.67478476144474
1.3894981772890644,1.4501772807921005,75.90990057193002,68.33068003473102
1.0672761042065735,1.6938706874024,60.52024381818484,33.26446660156551
1.2680340179738185,1.828877679731399,37.731215249950296,25.106044791484546
1.2571114350952073,1.48019565364176,38.883619964869844,32.21732342211469
1.4287860720612788,1.878752917346621,34.89091381192843,25.786333452452403
1.231399682796758,1.9492534017375347,25.971493368826692,16.06031897930834
1.1925447480501767,1.7181761703516885,41.73713713486721,27.51986910077677
1.319781635618555,1.7682633612941057,34.4920765712892,25.002922446104478
1.133231658750423,1.3368031932261388,47.853430403261974,38.94130015105672
1.0698842054769784,1.9618639237153346,71.84960644008756,31.211968847791773
1.238938637011873,1.5747393139854606,79.60075338590482,50.699485136601844
1.2084446842974426,1.946730280381801,6.29946319063337,3.9055804196151946
1.1162849702644368,1.7052842673251698,30.774677812907314,19.568676159952812
1.1837559050575641,1.3032331591903294,14.456495661344757,13.106275955433349
1.1831962249131238,1.326979399526405,28.169637914042696,24.893420400933614
1.1637477822062727,1.7762931639689454,22.99784148387384,14.830881804044257
1.1897320398634645,1.693867609682353,13.962970530143064,9.757566645735139
1.3428716727279726,1.318572706044252,61.12608427370324,63.103070179870194
1.1484382372856428,1.8204219728556699,39.703099426338866,23.765965041502735
1.4744289633576702,1.8965017359484273,73.53964657737806,48.209269504220316
1.458174009769089,1.6474922377075158,2.6073954597611593,2.3075992441426565
1.2404552141500393,1.6260302082500786,5.358241050559194,4.085164299855051
1.1641806025023445,1.3038311761842394,32.261886634427526,28.464675720078667
1.2677173949150016,1.8506547987455195,6.42218563232297,4.394363375484206
1.4242802443868123,1.5315012467222737,21.01836771318668,19.484800560737572
1.326293670280051,1.9151345338477777,78.88237944612989,42.807427710148104
1.4021959139735387,1.5611424112906371,16.716768598769125,14.972470329037042
1.26636113803287,1.695554537441494,15.849419312967257,11.769684813325792
1.3164588146338103,1.4892392517395292,45.89125350365673,39.39891639220142
1.144077807091231,1.412411818809443,39.839863263452536,31.260685786323275
1.3674465811551455,1.8424355323669297,46.43506377622758,32.53331546872563
1.1012022965628592,1.6476133351923972,30.138822256683735,19.60796254262113
1.347399064409249,1.6755415466265755,66.14098879159576,47.344148999260085
1.430359534162947,1.9757911674372148,11.086444115397027,8.00194897163373
1.066051418650772,1.9745059385555077,34.27141166731725,17.699791918648593
1.30718987027096,1.8989494851916824,55.18094787552697,34.41119028469889
1.0475478741149673,1.4313265049355235,69.45891522263197,43.26237077136937
1.3628578141357135,1.715990886011106,29.565728508540616,23.07156898078313
1.0422466094117602,1.9147031972588762,45.41964792750022,22.81234564842297
1.467969911350313,1.5621247555142563,5.53119560058092,5.196863692925382
1.068703965018901,1.3707743161549095,13.625527048946315,10.583173259729879
1.4794401229545402,1.8676740315679452,5.531052997289159,4.3787709677135815
1.4004420880425483,1.6372344859535202,58.230471359881754,46.65323557197006
1.296841002233177,1.695074876251425,23.044797497771256,17.426668092406345
1.3913120523147735,1.987501007422491,57.89962321534702,36.37083129009073
1.397557419491543,1.7250480013458505,5.311862323461964,4.301312417606851
1.4730135314086652,1.597485569966271,69.00382403266603,59.41330952386584
1.1266916769195936,1.5589890574930385,66.84241584888733,41.64211946381893
1.2950379476791545,1.592333504857832,7.1142994440226115,5.780976155058462
1.0475245987822006,1.3828793582250682,1.9005205165749217,1.4395227954179526
1.3080828500120607,1.8563253908923003,4.503105038559294,3.1715227257624274
1.0856456520463944,1.886401800730929,68.29041385173872,32.32294012881838
1.282475305736221,1.4990779942013863,18.77627912415166,15.983827437342496
1.286215257016925,1.512657632886961,43.86186542865509,36.09974699532029
1.2329925764906138,1.9120339794343693,34.09953625440454,21.194117941476932
1.2613158877565613,1.3167792488695689,63.642042098288165,59.125820544360785
1.381961695003294,1.6643202106370594,39.111864117653646,31.588341031279178
1.3996223582560332,1.6245730002770506,40.05286725290158,33.66878619765147
1.2460766077877146,1.783088738704922,79.12735515999219,43.33679701379321
1.2997967207613061,1.414374190104618,12.010364539940568,11.024662705657713
1.465618117845051,1.7678315185566076,66.45631509967451,49.46728638668864
1.0598667942505613,1.5637138055124136,4.139979648310783,2.804708359316882
1.0585517829500553,1.7331003447187494,38.211901565837664,22.198360891371983
1.0438545059553843,1.3280665069109432,70.90678591464189,47.96673349274962
1.328931642520264,1.6232090380291566,53.2171172483297,40.973537567711496
1.2093041503951898,1.6655756257876604,54.81716954929063,36.400065408842494
1.3871607080709216,1.4500284819984905,21.065382580518843,20.111574639504127
1.3356157066542962,1.3977365579253846,33.48598330891634,31.817260853664187
1.166818879164119,1.431932012108611,29.32648507992404,23.522229151246428
1.449183273680768,1.5408987546443436,41.71545681263954,38.742746969164784
1.3812660735353262,1.36776710451348,36.97823441149345,37.405213281653225
1.1352674704550878,1.9631238570107232,26.151868150159146,14.766786772458039
1.182096008886027,1.5834958430470722,24.438448989693605,17.989510113214223
1.1572199901021314,1.8662787217547243,20.068231332409773,12.284703318665821
1.0788058243124998,1.9820919861761928,29.203779750780676,15.400339177276043
1.0738916862710959,1.3565146960019174,11.995318234724852,9.469993973526362
1.468063731687872,1.7561686275544959,69.7683441602859,51.66251683043806
1.2189520185993765,1.9099863607188499,48.16955134667418,28.394264948679005
1.191659911388705,1.7439641037767097,10.702914047508436,7.2905569368606615
1.364842854338689,1.600318284950189,55.50874673672011,44.66300703766842
1.27649653262645,1.601753450346557,67.81331743983786,47.55541986887636
1.4680699934192312,1.3251292202051512,19.002853764180713,21.145596064578104
1.390150746954696,1.6742205259024927,12.048047546981113,9.98065981299434
1.23968478206227,1.9954800977507932,0.6893805707001643,0.4282688368667457
1.188179736740413,1.971095268180354,3.7800271085188086,2.277554225649512
1.493315772462161,1.3282794601895143,60.980107864280924,79.45151016389822
1.3588801180018217,1.7940579025406418,78.97490656333551,48.02650218395491
1.4755973300019205,1.5112354066878515,3.590425798102128,3.5056489850628334
1.0592392886085207,1.9320924073842956,59.84567672639141,28.297173385353027
1.4252668395953914,1.331580321996495,5.748973267276805,6.1549671490114
1.3185369419956037,1.9551118714077564,47.37062599229334,29.748472417999498
1.0609608391675562,1.886233020651444,60.486022594259026,29.306844376939512
1.2941289999846104,1.382253067576821,28.736351781419014,26.751916077068973
1.3430481825527245,1.3418770361221095,0.8747776888530989,0.8755412256426273
1.0061513429443014,1.884295365028855,47.615148170034075,23.228925718799896
1.2271589809208732,1.4090303696822055,79.29957025120223,58.84604432329179
1.4126997555981606,1.6744287070831094,20.60939382707966,17.27600293148142
1.147679512672045,1.9410214005150968,15.159302174977265,8.894807571870066
1.2292740408992755,1.6972136794845263,9.914071420281196,7.1635278786572
1.2211570635339466,1.578063311030977,44.42044959200449,32.79396702025739
1.150963695721246,1.6115112383977945,47.71560794882187,31.89644890473326
1.459220947757777,1.3441820194927097,63.38166697363219,76.05391017063799
1.390647017715758,1.978126624953119,60.24586188964078,37.61330311747099
1.0552942054980552,1.517457929556758,71.40331958360697,41.233151988369045
1.4985173289187865,1.4325544441709976,64.4618158673841,70.70764964055394
1.4396000121538726,1.5002331112882767,19.781366646355558,18.950667204392527
1.1419542189320195,1.9750612364240352,44.47019239006089,23.893749391965674
1.4184482898304691,1.366000237441605,23.7929567274864,24.76659560173515
1.0532097659356914,1.907112128350827,26.382830364120196,14.205662084966253
1.4995523652371192,1.7954907260810136,74.5555495383997,53.61198388252048
1.3328423680532684,1.8810134254113198,54.551672405365885,35.25624355338306
1.3250625077793985,1.9831282782575275,77.96723306008846,40.80504079306189
1.0452203634920663,1.8895082588618104,33.35300293749956,17.70588076545332
1.4485166994483127,1.960367645894497,42.995005868318124,30.257154968202872
1.0144997516022347,1.3888546797536439,38.96923359331374,27.347565526046495
1.1204140290205735,1.857051995616879,8.582964601898153,5.166005766088368
1.0715109375833176,1.6819729858567334,18.936159562128267,11.931016245895226
1.3883839703461094,1.6804469165559026,42.21090884835857,33.7170217280881
1.099102113606449,1.9292451034243596,5.389944410640499,3.0676208820965165
1.4553191135654426,1.9802626730526978,74.51695434471114,45.09204443225627
1.328134519663745,1.7933868261302266,9.907494555469665,7.320618229844798
1.018081355247348,1.6380568726302487,15.838459713352568,9.76621344866262
1.0027149170643503,1.6194827005312917,61.225697915090926,32.86801224902766
1.0258289585071996,1.5704390200562273,7.754763343145097,5.056611584514275
1.3029625888238638,1.5531193207008638,72.02224796923275,52.93697344448546
1.4007409054297075,1.574054789179102,58.056077657802845,49.03704081354109
1.1192764103136943,1.3628272646758368,5.489668568708712,4.506359429559558
1.4247044214615365,1.3542052596823069,55.347764902852234,59.93337258192021
1.0286159700766302,1.8459088907106183,50.53028337370542,25.478227096519014
1.4004819268208382,1.6122510250441584,60.58795461919349,49.17328028072638
1.4638977150861403,1.9514791419812343,66.25582819914686,43.36547638315469
1.3860541995521902,1.7285547060157667,57.46804505385241,42.534901452990646
1.3490603919893185,1.324623187529094,46.89410362167776,48.03564809348813
1.4189901093276915,1.4102663389222356,25.797065486542216,25.968503602074627
1.0200756497735333,1.4440738551091052,55.78189294639433,35.74041089178038
1.1008910553595277,1.9830152170727624,76.55772677046235,32.68032681978297
1.0624618396528216,1.4530929583061445,47.00174244230994,32.32770407397257
1.2522654950964933,1.661028973401636,53.147589474740315,37.10414007913312
1.3725940641644223,1.9553238521481373,34.970243375984055,23.72449906974897
1.3150059222881993,1.9840349109400501,60.48966477944595,35.22630586394289
1.4255655498809676,1.4654523047684813,79.81339138709087,73.22548402068286
1.0776064962205454,1.334382350625028,12.831145925418888,10.331544375369676
1.3673105459675807,1.407521282776431,16.192422360300984,15.71767304382194
1.096520745434452,1.3443299350917908,43.15502069315116,33.910215088204374
1.1353793756589001,1.4365869687646355,38.51003178093266,29.47876616688881
1.3549523486406518,1.6979988002926147,45.725582760537506,34.844434487887156
1.4901023924493408,1.9387141574069493,3.925923817941843,3.0165113009795728
1.3057718029885348,1.676053218586038,32.342116506435914,24.631758559781414
1.0272501574956479,1.7381926896893565,46.63826096524487,25.446467917181415
1.3081544849637665,1.4413070761266789,46.81530810439702,41.43654176065843
1.0211752757900836,1.860408534471695,52.58671694146989,25.84739006687762
1.4420728556834086,1.7324522359539083,57.61728232021311,44.663611384484334
1.3547891425503105,1.9048957804349074,51.32377626726853,33.727092592392445
1.0865639232112516,1.964190174904049,63.2194524311548,29.594030550890082
1.045860502912099,1.5435305430296147,49.98085077476733,31.259054733174413
1.0917666144401594,1.3634053409748077,43.00061300297636,33.10166814488263
1.4900135897770963,1.4581502705417477,48.49571431102487,49.93112161891565
1.229280321229245,1.6064890959730862,8.095469340266588,6.186047957826584
1.392040474170704,1.9619855562771313,21.8525232580416,15.31297543531036
1.3182041710538885,1.5648168756613907,42.19198245265049,34.45585769486667
1.2862065749793188,1.839541249565759,69.83897723213657,41.02270650835809
1.072565127332525,1.6783336845195285,54.32412450303944,31.27401391024253
1.4730122267790475,1.4279661393016836,7.232646277751806,7.462083221206942
1.150671316257359,1.524513883267416,47.38199603555235,33.74034967652191
1.289008607903771,1.7572343195159732,17.739039010967915,12.914553718741226
1.3498879722945332,1.7709973762794253,58.721324783097835,40.6496671452405
1.3246165776226544,1.6043318227663323,66.19526820069977,49.06111448134348
1.4702972048477592,1.4600519218634802,47.47650180719787,47.91674810565393
1.074219494960029,1.8053347456588735,47.30900878013678,25.935309615458955
1.254176369223471,1.4182111291289003,27.08731545686512,23.74587893971781
1.202017195370383,1.9556687843055887,35.70000169290475,21.018126722572664
1.237084364741309,1.4315325053255337,69.12866830522763,53.84885530640463
1.0596087630988724,1.3751186539827644,57.86562647737252,40.73117790857943
1.0670473049363827,1.648353391655765,41.580292775667445,25.44346971307443
1.1390377728906287,1.6636847186767858,29.458590899869677,19.676304143166625
1.1523523018804156,1.6557350403447715,4.030379063084348,2.8038544190786125
1.213951606840675,1.6056672425371876,11.44059210611081,8.624738497542067
1.305493773518314,1.996370424980726,15.442015163149652,10.02735533761215
1.3173145587091315,1.6403964288694073,29.87068346069398,23.575212998173324
1.2059054482927851,1.6345626065178818,75.53149176610196,45.590480243288795
1.2043915547143484,1.5952362439001928,40.412271588699895,29.304363172130753
1.108814263348481,1.346778028291024,18.787213060738488,15.375881000034289
1.2941531242045041,1.7150696418047313,8.460010996921126,6.373701052937594
1.158520455658619,1.4595774405562278,27.064441968237123,21.17048259950317
1.0180299171386817,1.7463262861603348,65.25845084408455,31.967810730719634
1.2092000220784302,1.335583423363934,30.667423472840632,27.502585354215526
1.2370663375450852,1.9869709708771013,61.80046448179308,33.277342037033655
1.1127964341021055,1.6283035553088705,64.2163980901503,37.97885168445841
1.2862289665610578,1.927728760113489,8.86566157589633,5.902248055024078
1.2828859502159604,1.6328928212630545,48.6927802101427,36.16886182204203
1.3510010905551857,1.3422315730019552,76.72768506968886,78.42101702926813
1.323974241100605,1.8755494822656649,32.17104599228431,22.07761418955271
1.3262165282605158,1.753728610766994,4.075527120241782,3.0809088665917637
1.1581070759120216,1.8472299333017617,73.86421522063029,37.03082821822155
1.393716110992977,1.5997189044562115,70.69330252579863,55.30864369901525
1.2745721917998396,1.7465557209726514,41.771315776720144,29.087090138752842
1.215709097589945,1.8993603026576253,44.18024962752077,26.49187890063596
1.3130062404705285,1.7417458100103214,16.939288222089992,12.68782569889356
1.1803286672251272,1.5433715443851324,65.55606044357098,44.124807237631295
1.2563696223033791,1.7637707160563398,39.888003071370115,27.181011472616653
1.3683528442411101,1.770297932029847,2.710223611404521,2.094554329570645
1.4432014433618539,1.9724108737546375,54.64119651591982,36.63597428423457
1.4605285986475958,1.5596386250791685,76.03970158421649,65.339125110913
1.2518164625915496,1.5975572372598918,66.33203922766002,45.862640136535234
1.2601375573702844,1.8684860728309416,22.175851216843185,14.747443729143333
1.3999352053819183,1.6540336203199189,4.266006794667252,3.609700260060811
1.1572253458721007,1.815601165181013,75.22811300305445,38.04734075777177
1.4186911811725342,1.6217966251175144,74.96501799037611,57.65264138819266
1.2470708232587118,1.4508465992688904,42.59322557702955,35.572446781450445
1.057928362167634,1.8216426899467075,51.38539293372281,26.986442142201184
1.0360295735364717,1.391808618429297,37.00800485686466,26.61928281613596
1.4209966055197316,1.4390085644719157,33.58122936790069,33.106384387886166
1.027783958453439,1.738777487948946,9.555874874296029,5.63134922002399
1.140305718066828,1.8230888601344488,7.740231868887681,4.832375327618586
1.1670650202507729,1.9262815208074704,18.618571734095,11.153148345421739
1.086497222595797,1.4908105481911242,66.93125971252354,42.107088716605325
1.1569466849009946,1.3775069810203882,11.666584058854399,9.778412229664704
1.3713462833625427,1.9692326616658404,18.135892153176858,12.519117959486522
1.0073414217800354,1.4080961616154997,43.8891247457766,29.732850128515583
1.4135867122603432,1.4383668875782476,17.210497446261954,16.90499428995047
1.4282740117872792,1.503930617490926,13.056534777422968,12.388989965853414
1.1861307865957742,1.6705739478184012,45.06529933583698,30.173988826567804
1.0768064495303173,1.9179778962238547,29.447461679729237,16.022342460922335
1.3004202039725405,1.8323822159109069,50.09274286723753,32.98301975505462
1.059836277932447,1.7957102876898445,72.9764272326941,34.35677211136771
1.1824596805391263,1.4226263974992026,12.079450514805412,10.016944744824254
1.479214590450486,1.550377842068182,73.07469278504512,65.89137274660507
1.4977322362918186,1.6348834482606747,72.19919739383349,60.72126525268715
1.3860524456772927,1.40319816743991,66.32700666687222,64.77768137309847
1.1554807549603832,1.4914007914886707,50.50287338448682,36.71608195244806
1.3438325245830463,1.515833242766991,49.611732597243794,42.473150897818186
1.3527031827420064,1.3890933388303275,51.137012794920125,49.31019401038225
1.1939208475818248,1.6851677843357804,55.23964409742505,35.59512926913057
1.3204443172930798,1.793519737566935,1.3185760476925612,0.970736938050024
1.005363822487838,1.3489521420338029,76.64740633285197,46.480924748204316
1.1045288293011208,1.636786171234205,46.848300917246384,29.492435303419136
1.2625441514836306,1.8475478366874565,62.51726715219373,37.31845878719902
1.081875652129148,1.8235930902667128,30.18254712490905,17.353628607272192
1.082953433938267,1.8705511673531279,0.9917771132636766,0.5741691486756076
1.418152145275119,1.613768443219425,40.77877279011552,35.027418347220376
1.4945665013418028,1.8743899578479026,40.57520954527432,31.241092930443127
1.2779847140142242,1.4685271498499888,34.95914306491614,29.91046207958336
1.4195348654408568,1.5525673929922608,27.177364332966143,24.68378565303637
1.4951608321631362,1.423448903492461,19.986087024777763,21.039475855039242
1.0707979442843873,1.6272391776000004,42.203589959774625,26.234974262659286
1.2241228066271757,1.5744420156908103,30.02225117547953,22.892887977180976
1.19628635792096,1.4686489814900185,77.59455064398469,52.705406053194885
1.0400246418230925,1.8262464964615472,13.834184621354515,7.826383576873024
1.3776650863973723,1.5196927404781526,25.573245410166958,23.03678422315242
1.2168895136612965,1.490963031102085,23.516837673965682,19.00615377913128
1.2346634670952006,1.3916232315953465,43.46473409887656,37.61261098021001
1.07533648690662,1.607175191261364,39.94242055793183,25.439900914180615
1.090463326115434,1.5120752401861115,51.49923723394185,34.35977324282669
1.4535518110781074,1.558490988938678,76.00014164593662,64.81823965009423
1.0223245444871394,1.465198083834387,22.817686839509392,15.698958012417146
1.1164261424718531,1.8342088428739303,55.42172554039972,30.076022991554805
1.1460296651572641,1.9510023431483021,2.003216240414689,1.1765433663702975
1.2450987712007933,1.6485522969522215,20.991077818689963,15.697237876875784
1.2932225865073979,1.7500988963385828,37.097578239727426,26.468847083470084
1.2466449879253334,1.9070205936246942,2.479583078490757,1.62064695138892
1.042057667278441,1.9991807461335611,49.413556844291115,23.3186606139627
1.1218337270278567,1.7294615393108825,54.26484867213666,31.771591989291835
1.4217941923812707,1.9228456265779081,59.73853718704373,39.69229652948554
1.3187943502392296,1.9360257725889494,41.32596038744098,26.731876715024782
1.3245745250671372,1.8540160414653357,48.31557319829013,32.24588945534255
1.3351016276756775,1.622651973751177,31.68522010227898,25.605490272776066
1.3814515095197646,1.3568078002967296,3.300242600525003,3.360253132041095
1.0290542408607237,1.3110638888080937,7.9961484619610435,6.268321447184592
1.1833041924663061,1.6340404432980473,52.39967393611713,35.011491982492416
1.2697637176308394,1.6460201734742324,79.6444239668621,49.362830465159526
1.169228241648663,1.5851536715040806,1.2642591330636943,0.9324981006690497
1.4222394366435933,1.697717145903955,44.60667974611062,36.0356631383782
1.241286254293647,1.686513892313099,60.08070023060463,39.636786977633676
1.3843137947296895,1.885629128722885,66.14198624111029,42.1757676633134
1.4260077584405846,1.3760599722835838,43.61639209781121,45.632202704413416
1.252395741451749,1.457624366273882,49.59327841472841,40.86287616911067
1.454776121935675,1.8551034852717412,55.737995621964274,40.4000800466333
1.2935619702684904,1.8934858070565581,68.71729997547445,39.53675756873705
1.425137149416861,1.9963769495346075,9.783162976225492,6.967096578856661
1.1702953977957622,1.9110384114709589,74.09457570198907,36.081975824385594
1.2494084792657425,1.9229293049506317,2.0813922841256005,1.3521966715649683
1.265705520502289,1.5200435598409334,66.89598007662202,49.986361002458565
1.0524898579480353,1.5811631438065634,6.139234124775781,4.0821745861774374
1.1992762533507704,1.4876595733743858,15.570256928393782,12.496884310079798
1.458668836275838,1.724409578734901,0.311531710490609,0.2635226377034959
1.315416120182371,1.9571637479449269,35.62053644288326,23.0442915778584
1.0887532912184836,1.5412486205581324,26.74873813739138,18.538396757429464
1.1694278178048025,1.6899012473170152,13.279432918962186,9.14623798117662
1.0958015048313499,1.5074097413174397,36.087212864312505,25.352195102657188
1.0124115658992863,1.4188599816408953,32.189670653774705,22.341054548415755
1.4637302292520133,1.436629870873059,61.41288261589932,63.46411739400277
1.2241036641284357,1.340561741176691,71.4504244856026,59.96150721844833
1.1537675362103932,1.96450546610648,52.20538014136655,27.65181377562122
1.2992385957788684,1.5820157259553407,9.95283109812191,8.160328871434574
1.003657228146508,1.8838846244014757,23.63126357678805,12.330828509587338
1.139011053300407,1.776930630882784,73.06546374658238,37.82155550878633
1.3515167328494462,1.4343448129877598,7.098759440631133,6.686902798636737
1.3168848865346314,1.4228235726053615,32.54846715126612,29.86474382960203
1.4909029737712678,1.8683917410573814,75.4003695386785,50.55141610772838
1.310178854829022,1.4852981974336763,76.05318731755885,58.88078775427177
1.2387529368138663,1.939299628591383,32.896254163911394,20.299331100093948
1.3807162815920038,1.3980387832826435,53.39175104790379,52.44657142862684
1.4516639359820265,1.7743960301181287,36.53964786831992,29.149476670087473
1.360347973359176,1.8701317132216537,60.27684315490734,39.17591068494502
1.4816056117746899,1.4646794718909515,2.526506455439881,2.555722556812928
1.3910025853690886,1.4933451544195964,11.532571913708676,10.732481210734681
1.4334007191309632,1.9751632202974412,49.13590428348794,33.28678222631078
1.0570520355918185,1.4852183237423109,18.604180995445088,13.123885553373254
1.3662067514968939,1.6009699349300335,53.284183941531886,43.16203927565544
1.2200443497636844,1.6027609152696563,28.097834196903868,21.00905847139615
1.2765519012056377,1.4771243249507786,70.9316446502257,54.765174592548576
1.3270512047411784,1.8430537605059634,65.54075084479892,40.950763634785716
1.4849075583527847,1.8402945402604085,39.427024005502574,30.827099346053785
1.4922890407158123,1.56482260995665,61.83160696758862,57.21424207099231
1.1441141227439526,1.8845880537565136,21.69103089880723,12.966491459074344
1.3668767487189581,1.4491524540793017,39.540782144949006,36.90447925236635
1.3749917689676343,1.303014042967375,15.798564149062253,16.69610473543926
1.1732464306565245,1.6998171534390187,68.8708934816795,40.0769708341943
1.0619348874321104,1.995854440716665,65.84540932547318,29.04423604389958
1.0204734801428599,1.3270510168788192,72.1719734727201,47.05868055392539
1.3886715637645892,1.4455986515959225,70.19815849794075,64.66466319463787
1.244849870908453,1.663240249740959,76.76770096475958,46.76725847500687
1.492770084747463,1.8669585155114095,18.266898530554077,14.514283584064694
1.2324867280968266,1.3623294035525373,74.54594326362523,60.68967672875569
1.4889584895369201,1.576664257631226,45.69705530815981,42.519935341255845
1.2057880010970299,1.8229530604409203,33.79960671345217,21.589653645418473
1.3968410752799862,1.5600802458844532,44.82991167742984,39.14139504594778
1.042409636155916,1.4321854943329473,27.408188532022226,19.57537465147397
1.277730855068882,1.4368470791776111,23.084240556876168,20.405668099173532
1.4010298934928622,1.587034150840496,19.3051470382023,16.968874078481722
1.4623508336099444,1.6355919523641238,6.594239156570145,5.893158489562597
1.4112915453087158,1.9032700924712098,39.725191771774995,28.287933125554183
1.018485363600587,1.7495766929975956,71.02093405711099,33.4003783160334
1.1863511706533671,1.783281368160851,50.412157541950776,30.84277189691297
1.0243492361569255,1.988091020075135,41.67805062046188,20.03582513771248
1.054641145557279,1.5882904082106817,34.287433460073316,21.966645051102898
1.337652814333742,1.5823480822743898,37.152130105375356,30.699857787174174
1.356629098155849,1.9463428774080684,16.742187805756075,11.582923300666634
1.3868603413758132,1.4721129109035411,65.83487017544778,59.264138811144576
1.4327282740278315,1.8108706724120067,15.870637062522244,12.4954228666493
1.3697157342382549,1.828201196752694,57.32982053818504,39.100535864248954
1.400435796053316,1.3684515982118102,60.79880091969221,63.29268803416939
1.0244818549116397,1.6277619839855089,45.98952336221874,26.914384177807314
1.1172675752206493,1.4403937299250877,69.03410999638628,46.41180927598354
1.3109488866876229,1.42976269096174,23.284028196052002,21.250167401660203
1.4290626523124117,1.6246796773240133,70.52937769942906,56.026349519467914
1.0022500624698296,1.5026007952556455,58.35283676794433,34.59853290326326
1.2573146710581748,1.8572423133381095,63.89998622094086,37.44113612919057
1.3386436996821987,1.9353234239733377,53.16637676218513,33.61534285069515
1.0148036445643065,1.8619044237018558,67.70744135919755,30.28481732728242
1.200677778776694,1.4862216108351658,79.44790901741088,52.5807547137593
1.4478174406918485,1.4918940755820258,33.61302836197109,32.49499228107158
1.3358064044279294,1.4783098450822272,65.11325469676562,55.054415295778895
1.1188291816802987,1.3945266672393652,59.56638076144269,43.76932396139437
1.4263905648159563,1.9606588576725978,36.22961325696144,25.465807251454233
1.1740157117047572,1.5814334587099486,74.15591997860096,45.57524198578635
1.4266723355720297,1.4572826321821117,31.554074365807576,30.817888988854886
1.1494718255594527,1.8926697353557704,45.237273302099005,25.545051793217965
1.2951601254415746,1.5794367118604533,8.475388559276924,6.941588041688586
1.198470033873917,1.3245817677767666,18.062015525301298,16.29166679879322
1.1374125253775336,1.4133590991747418,67.25569364270085,47.91743763603656
1.4432787810859347,1.747475238249319,31.724217826307786,25.74048913813538
1.0937968409697456,1.8480336919202067,31.526727153220655,18.028312808702054
1.0424057956178816,1.4476540719420992,19.678481455249617,14.032725183684972
1.1709634692728301,1.9421769124862995,39.32882674379635,22.464328904565644
1.3588195738207838,1.8956979840365151,64.4653569080498,40.299149636629956
1.403715802988141,1.8938665278427567,71.61312942189917,44.696512839333444
1.4993716850333825,1.4593628027594499,5.609154563534711,5.763445017886842
1.1481810285055825,1.3353751920550405,45.98565849920924,38.19592784435138
1.2039709755656411,1.9071964776378085,37.38186943138676,22.536023677339735
1.0684106390148131,1.5140601601169972,49.14254803772627,32.25701012478648
1.2874359648115168,1.7332414668214682,35.78205495266153,25.7415565687783
1.4987900186314587,1.831976818590511,31.89158566827321,25.609022337471746
1.3504405050603292,1.389805280957784,37.75045699435915,36.504291604535425
1.297606420206686,1.8465868481633336,46.55993030051313,30.679158445430836
1.1961845464608971,1.956958021272746,40.07865688254214,23.175221890564295
1.4576493801427775,1.8098624760224862,37.771556081651696,29.558678406798123
1.2484582980651746,1.6088559239363907,65.42682479664646,44.88697491046052
1.0671834566565308,1.913674697126192,59.65183929902862,28.766820459191393
1.1826892315995667,1.6692203410507913,27.310279534495425,18.97035962752779
1.0335833344238834,1.821339649471728,64.04616940122564,30.680658965288465
1.1009895188443908,1.874354160701023,68.29205352036001,33.075200227818776
1.0088343904999562,1.8245470031893043,12.27937642993524,6.753322400409665
1.2266399582500818,1.501498413233708,46.6145969384607,36.420990552882564
1.3172701324758986,1.382490730634082,22.8249594879371,21.691979956887774
1.1716462311894538,1.466836970553442,59.133785754137804,43.28494279442924
1.2101908857526387,1.6520124558862472,19.10282634869466,13.8711620116318
1.479604636422288,1.653693845605167,53.71228193384255,46.15359181714245
1.3759815607874577,1.7078510445201762,20.409972484610712,16.31804528991968
1.2704283184724756,1.5765712862835235,40.89150107439545,31.837442301396177
1.1422704375559127,1.8508239670150193,75.89171743329537,36.76632071330309
1.4484983993864975,1.9392076252430455,30.504603076514762,22.28162280792912
1.1175485584403297,1.47270753743563,70.05907887705662,45.50757061242544
1.1626713652583385,1.8155662523913216,78.95556649631158,38.94173431843963
1.4545324072114743,1.7745802967815312,69.98806790441306,50.36820707901802
1.2647710276425361,1.6661633494955206,13.269282377867428,10.03401519459361
1.3711589747089883,1.4319711637119121,65.57265756281305,60.67087165937761
1.2953723970818831,1.8566625810078967,2.5719516080449,1.794112032400706
1.3267196045047476,1.9724383999401829,31.464150695944628,20.55392963246803
1.1496916457574127,1.8052854325635295,69.6586698654291,36.6648213832376
1.1206860308133315,1.9425019976380138,55.10017702079359,28.240301172701763
1.1612461735843327,1.9889296854635998,42.619234187030244,23.287277162151277
1.0777207820417112,1.5464354719674667,31.02912200660964,21.053339552256947
1.4371571826454037,1.7467564870484358,64.98375571762288,48.208339916615685
1.141623466625057,1.6317529163466546,56.76467231585767,35.81635626484262
1.2807446972071923,1.990640122804261,37.472425569253865,23.04296366588493
1.3959872125706871,1.3656654768054075,71.39874697677278,75.6510802678815
1.3919120546878567,1.5886624400080573,18.39584142549059,16.051224396833554
1.2191931292920963,1.9128773311690654,13.631320732689991,8.63903858653505
1.2381286542933627,1.4988359173685608,51.424301146686524,40.225792826141
1.4973508744675124,1.8514549954472108,77.75954741614163,52.2189042023876
1.337298738489512,1.567948213946179,19.780525864541623,16.776305564612148
1.4073192215589414,1.9859849779231107,19.97363031470612,14.00801563406664
1.451276984609616,1.9184708854965953,11.159907836975194,8.419187547696492
1.3937949181146696,1.5109242503638307,68.84508442189058,59.351492257775895
1.0925896724767838,1.8391351794764987,18.111803232906727,10.642612827146147
1.281085366868786,1.535799580683288,40.25428213799103,32.61634670175408
1.0509470786572725,1.7244539881508745,79.26979824017637,36.78267478720776
1.3264610632819993,1.7609365378753044,0.971272073763485,0.7316151751074235
1.4776747140939055,1.8807167863599936,44.51888724086353,33.42791690284665
1.2563660321500556,1.3171155886174104,40.983123416395664,38.72531600805536
1.2164862464338837,1.4541105238066099,64.59579011281238,49.085687122187124
1.0179213757090815,1.798342467412005,28.422523164222156,15.629444554257812
1.4798872611646101,1.6944662658786762,32.82730871192332,28.25904696101267
1.0515013420650794,1.6469235547408,13.435038447909093,8.530882584635336
1.0205395466524234,1.3386469696955863,59.26521853086293,40.941349530603055
1.1230333057524693,1.5437931184230194,62.77671273505186,40.30612579761948
1.0327652169591912,1.9055701623374537,10.93306566230642,5.899940554997321
1.227558921205881,1.3216249859252225,31.47656591906574,29.011556014317556
1.2580439006285562,1.5775053647553685,71.43239962901464,49.11098941004887
1.156284974514292,1.9616038013695407,0.21658189406297268,0.12766594381099208
1.025480241287443,1.3356165141815102,23.900725649810582,18.124011529571302
1.0558001841246134,1.8247940257312458,44.403382804203815,23.881087583044184
1.192252188994964,1.4803288313274257,26.727508772796263,21.236936010389442
1.0302642254132681,1.9066261825075708,21.763615134213552,11.557638357593627
1.3490948628049568,1.8222475852715556,36.80299879225701,26.32844025104728
1.103510270762406,1.919993619600854,14.5218486487755,8.28616698759746
1.1510357843918193,1.4511473533018862,42.370019276758704,32.31295422684451
1.1970628885890489,1.6719049283730234,56.53567370505807,36.67660291744656
1.208304816534574,1.8454889605023606,46.023596210280175,28.10985923092853
1.0008303538374004,1.4719898200964867,7.448746468682472,5.056834934091581
1.0560351854993488,1.461522413687052,67.55268913324586,41.89832866827348
1.4313822818704391,1.3190274934483095,13.998226998999055,15.218230965253907
1.000616531255954,1.9709607057828167,61.18496004889029,26.41174647317673
1.2540836779064375,1.7970118160382365,28.845208862068034,19.675015470140234
1.244751003253604,1.7448922478071294,62.62090784448819,39.3057998222262
1.1665470805053189,1.8207963058864935,16.501832272427663,10.485255406315654
1.2156635100732247,1.6721290430868077,14.932968295634383,10.797807370823826
1.3902905687632923,1.6332936747632874,39.76206769739858,32.9864336677064
1.4206018531074782,1.6146725687864647,2.6348811758688395,2.3180048233480477
1.130174271707625,1.748307448472549,18.02378710258667,11.537888183495749
1.161245220483865,1.4410744827746682,57.92098017474786,43.061556494132994
1.1212414265141664,1.9216410865104088,66.99067826443404,32.483735070082865
1.2399317002755326,1.8682266598534856,6.462829115024835,4.284245159132775
1.3416291788294066,1.5446945280164237,70.56621675504834,54.99045480746609
1.1141264377317102,1.7050265077687672,63.80137632425432,35.89546486085285
1.1653678710274333,1.3987191099650103,69.57474365655723,51.332521831949094
1.4651923087945753,1.9806423735535186,55.874284366307194,37.761537891401574
1.024284644923479,1.9320248813411984,53.93224538351718,25.374979987351278
1.230384802619783,1.9453282545494404,42.007458667589106,25.04147113573973
1.3557790207983889,1.5325141333924162,52.2229779593052,44.36677063103585
1.075227005778737,1.418394295167999,73.52877316532842,46.63132913254411
1.0236870100027409,1.4482405144264172,8.041760113336673,5.674937589760706
1.0691026858192654,1.363000973731563,25.261158227687297,19.55597628628063
1.4594115967653414,1.384077441070969,5.796397887669746,6.113062068634477
1.0046298909105618,1.349913173929392,75.58441375552307,46.11947823586849
1.094160987405676,1.9928761484434114,35.62123727995104,18.64913610381324
1.0156417564508222,1.3518403783583515,54.02755765409508,37.44714011269195
1.0553147337811017,1.3927794566659895,67.28960516034572,44.34345197699632
1.3100746433141481,1.8790782169135154,79.28001984611909,43.23739137577535
1.120819454369543,1.7061681517200602,12.94259662338126,8.460870706084178
1.2846060252153384,1.8420920431985328,63.96100845745829,38.79803861890874
1.295097691383063,1.7416384054408585,70.9938318509389,44.673823723070285
1.4247176665448895,1.9175225492302637,3.9100301480700494,2.9041381301959164
1.002370696455937,1.7469272694353184,60.32724481484587,29.903972879303467
1.4266847296711833,1.6654875650322056,28.378025695724027,24.025218271806626
1.309559543213487,1.7989247856329098,51.88774331763456,34.94342802454797
1.0813717430524787,1.6131749262544766,41.123855683109184,26.159633586478982
1.386468694067642,1.5422446760333144,20.779380166930956,18.59862453515663
1.4277457708952928,1.6273567167151488,10.817708960318884,9.477690087088396
1.1271317418770788,1.4187998735689924,9.355778647136663,7.420214968408712
1.4593968404513404,1.857600210861884,8.265828616679336,6.485265721550485
1.2272287151493289,1.4824926469351614,51.02320321076622,40.05656091053858
1.3017122271666608,1.4074720824359332,28.112868111963046,25.836366911060754
1.4923247668088218,1.472446569248259,17.330675056469794,17.572207297616806
1.1807680393195996,1.8894491062405678,55.35080741647224,30.93700934084948
1.4065796729100564,1.531140906918412,54.94796526131735,48.76684473854405
1.1591995589142299,1.7802349086541303,43.13346338855982,26.43557038226931
1.3996067611207454,1.8994867414590175,74.79662534926807,45.32006508175938
1.3003669594313212,1.3544212668475295,30.833138515313703,29.47767351840088
1.1081778476127007,1.8355170836246302,66.86903770154343,33.72492754662339
1.2070130468946183,1.5153658264653211,6.011152634575705,4.784759652805209
1.158817817181781,1.4516356549288298,59.18648752308036,43.28263109170682
1.039054196540182,1.7822310167170805,79.0757931065544,34.92074220260722
1.0149173850498487,1.9368576359132637,67.72785730302535,29.006472016757453
1.1732393277035904,1.5065134460986769,46.37317754480475,34.313282038859995
1.0095170739087433,1.6981836637690233,50.14128514617285,27.150563073175128
1.0827438787908874,1.502883879694644,28.263163954955743,19.94672090118713
1.3625916604254344,1.6879999100084997,54.35881746064831,40.996686417365126
1.354045617841794,1.7353034214580383,61.63163065450617,43.36067461272647
1.3692901932286914,1.7272347721531258,79.85827848942832,51.29516165521281
1.1585765855649894,1.7364824587499221,39.39703336003464,25.053469065227716
1.4450097285588477,1.394555854552267,4.904325261875382,5.082218278790519
1.2969152740142238,1.7854783287107037,47.66863605847882,32.47809113737194
1.0630131708733133,1.7723252494661563,9.521931998573487,5.694223264725941
1.071859330727767,1.7778116855518182,19.581203484488803,11.657480578744043
1.3465477134648507,1.3518493869170944,26.30239290445898,26.191379578803726
1.086471968221039,1.6127871896899069,58.48238985187285,35.04938574089104
1.2536463507910216,1.5863245924320108,14.704649910280043,11.572210464575374
1.4958872379643553,1.3606980385502394,13.260235747388203,14.605559921689066
1.0020038023666697,1.4556575495277675,3.5971393999061974,2.475239238560678
1.0082899009487785,1.6086738422586258,69.85919490831047,36.04744974692703
1.4965422909652533,1.8200344169006577,55.48043394848485,42.6476004720291
1.2923194170670826,1.4659434538892642,3.1957172494101194,2.816895705404731
1.0634549877592565,1.880824937087438,2.2633844510491663,1.2795351033049982
1.4486510998770468,1.6820588000176244,44.69394371800448,37.28101309928369
1.440190150063846,1.8322951796292322,22.602752102936883,17.58331289297751
1.2681002065556877,1.6307891883357999,47.7381080345543,35.13356363723725
1.3108960149303783,1.6494359577955564,34.76833405447722,26.950220330830877
1.1365935957504383,1.7338035725657481,73.86500498482037,39.02997519284412
1.0252598481860025,1.949579425716077,23.024721196909432,11.869867158074577
1.2972838044454322,1.644268806989037,54.331629475111484,39.86389626572406
1.1473775966013815,1.6700602766758037,4.3243449294879355,2.969453933315068
1.331810523330176,1.7213978744692706,76.46884273511402,48.781701248459626
1.4181225884213007,1.8162605961084082,78.46059743266818,49.90793446648918
1.009080271957182,1.350295234840364,59.12597032131299,39.89694605152991
1.2978568873428638,1.6609812069653804,37.216997725085854,28.203594742419472
1.1156402698434262,1.6371141124442306,17.599475146180907,11.89093340644872
1.4369442489519006,1.9451794889662994,65.00130721983717,42.02967390236805
1.1268322532809143,1.6454546063054387,58.90832777176178,35.90450772826226
1.3053850666177091,1.6278243742860317,17.756323164875923,14.15589707471498
1.2767704200448058,1.9735399919742913,36.09722353258125,22.405051363264377
1.1980832500296246,1.615403524520617,37.0239150253428,26.525141340178518
1.338810381799897,1.4266191012254632,66.11284399781673,59.10019262881446
1.3628848173577168,1.451841285964052,54.707574746726124,50.014165347384136
1.2834688976596933,1.366631276835882,51.45340348320441,47.265752453786796
1.379211118592377,1.300397690481261,51.98619380506227,56.679668845816636
1.4917085379964687,1.6023619627003374,21.63760635059831,20.076300615813096
1.2096361939504026,1.838469806908755,29.73690078636272,19.047935113205778
1.2572915259427655,1.8134265099598852,3.6529828349364912,2.531807817439232
1.0062349389706067,1.3225043614619951,62.9552908649699,42.66087109565252
1.3980142781551892,1.698988032515823,34.63985721358511,27.886524220780874
1.260115033522997,1.4079981877894332,35.05906856700588,30.936567172004686
1.2039807151802826,1.9587533993352881,19.628501194690138,11.916090021998501
1.047035981544698,1.4171554997509255,16.754182516754312,12.297015175040853
1.4448282108376986,1.7386474523882371,47.02575436552234,37.446093642774855
1.1975036200202782,1.5283668535148398,18.604241216294064,14.475468914724205
1.3412907991046101,1.7490929281750467,5.136708125237153,3.936903879720181
1.0746870781840754,1.5885810175248527,61.40059327847187,36.43891854795966
1.4807748147705162,1.8317501366144762,30.117554752509275,23.930753826544144
1.0892208809109154,1.4614753877295006,30.418846711944354,22.169792758078703
1.0997709964497453,1.934054297039982,34.505462521263304,18.791369466962205
1.4294914302788568,1.6501467545193464,65.20358587264751,51.851597417778
1.4562913720709656,1.8292652033989971,25.66695167518537,20.17113374468786
1.1060737037616506,1.894811133980859,60.64289690062688,30.582281687122695
1.234900444087414,1.9991800276683636,75.16358726236346,36.66317900476385
1.366747452281415,1.4567619659157707,52.86945567398395,48.4173203648686
1.4391828669054008,1.5008246894944184,34.53448649416197,32.93029974954745
1.1895263475186526,1.475303160712322,59.82317785173318,44.18861070287483
1.2585097434247146,1.4840099325118479,36.63178958011084,30.398036895900983
1.3708582052598675,1.7077113190775641,33.15418168865126,26.041167335656947
1.3655679883263976,1.99546576620209,42.02265308581466,27.265270314326553
1.3914800650130426,1.993194660964928,25.417786784743505,17.436103177162767
1.2849669093207632,1.6687412619536155,8.340017302400096,6.41271987861207
1.0523075484023876,1.7473190471852718,33.18816044209321,19.248201002294696
1.45198664543902,1.9019793805911243,9.908550490344155,7.5484378418030715
1.432786269660514,1.9530534209174535,32.83531788443574,23.439747780775253
1.3990487179091664,1.4427024391306809,44.55469769707602,42.87185442036445
1.0499312385803647,1.669979210259717,74.45689449645174,37.28043451292099
1.1021986835407147,1.8829859382630585,2.8977864836242873,1.6957328477867928
1.371800182553826,1.5122414536442141,49.716672520155534,43.78945471280307
1.0115700472909732,1.6078663297363267,36.61881493200618,22.04122737664598
1.48961231685364,1.9899347710584054,1.6208902563311334,1.2132842303651994
1.1885723401778403,1.9895326877046098,19.96385407509763,11.769387274825014
1.3596562668454117,1.934274767535627,9.478820188384125,6.647481554930393
1.4437855442440217,1.8589138413796404,17.34353165851558,13.387115921863966
1.1973149440750412,1.488391350505964,21.965619476873457,17.511622677707177
1.1595662442998331,1.5245950518470313,32.1045068305757,23.842146937382378
1.3043705644491235,1.6830979888434123,42.323151479111225,31.45334639744403
1.2904946868740255,1.6925441621934085,0.0791995141108881,0.06038633485586957
1.2045699888123986,1.6538519735499468,12.949548850299264,9.39363482234694
1.3008873779338543,1.7456691959414143,7.4853108487040565,5.57103677535842
1.4676906847832474,1.5858261158430922,43.973871941019496,39.98645024308249
1.2338201283132983,1.824421910120873,26.325989632101585,17.452508880590962
1.0983710903753157,1.5334849485348487,43.87181888277745,29.762163426703264
1.188602991441502,1.5314738978624467,17.745864173974226,13.683421631083968
1.1970534912965594,1.3890581733242797,1.9383483270067892,1.6703351507172566
1.0655543465131099,1.4320985470202434,75.30935210161974,46.03197379618742
1.0814357502772776,1.8953646152449504,8.664649695119522,4.93104091033763
1.3422810366968387,1.6123976370063091,10.148699836937345,8.434866722791426
1.1697388771044515,1.4595074505869836,11.72374612081124,9.37244276808943
1.4774491959279037,1.8315387700156713,78.50212191946181,52.23065176486228
1.1217983726793037,1.6877867880718016,49.41281921359969,30.31484673791079
1.049462252552411,1.3148092079963054,48.82319613630805,36.925768629663445
1.376752281500129,1.5214530201357006,78.93585612148237,62.632187141971364
1.440518025958935,1.4239009877849387,7.075101541972382,7.158098274716004
1.1390566784357439,1.7591110026879884,77.96007140338313,39.29212903820857
1.101044050822739,1.4925217284411771,16.321051724323272,11.964757652414454
1.0928830674355436,1.3454627454469605,49.84572028496284,38.376702395873934
1.2610061506832562,1.3384544924383686,33.606685224223334,31.43034749476711
1.2342083206233854,1.7072091085711005,30.716145078174257,21.670394792294275
1.1297199199272672,1.3152064189928627,74.499466278357,55.86578155279492
1.0225865584947131,1.894154479195262,11.938218275220516,6.411860345286044
1.2407456701631403,1.408777983480093,79.76552088609948,60.078707890187886
1.479666173817804,1.7245964346368008,30.33000488732388,25.67472722458151
1.3262596003763316,1.6112816196075221,51.901992311084356,40.372218200696295
1.2477532783143093,1.6099960648623317,77.4325385186688,49.15093422363532
1.055346037014808,1.350257999652032,4.608084030317983,3.6001121207559845
1.1262181452747937,1.861926575148551,73.82914903401524,35.51639179281692
1.1473869747872714,1.925136739327277,45.424910828347464,25.12227539189848
1.3824017763036172,1.30771166716896,56.35175031819618,61.64244651866572
1.4383553986323097,1.4250229229879825,11.934734710907868,12.04806301311137
1.4508209267832193,1.9327329321568352,42.67099446648258,30.583030136857367
1.492284304125377,1.6846455289600408,53.881097178019495,45.688894022369674
1.4911833415522662,1.4050277047737472,36.499784591014546,39.145643769288505
1.4764995663839908,1.4419533168264111,12.398814248484538,12.700766161217587
1.0359110702514422,1.7619903709659799,19.52952600684613,11.334560856659236
1.0688967679639025,1.8073717755728111,68.35142327947989,33.346011050394324
1.1522332632380166,1.7195987660059546,2.7576794266210225,1.8474156851157515
1.2764491270322307,1.967203865938768,56.70896627526499,32.845914125310244
1.0484889443527396,1.6458445225632439,79.95120292116215,38.849696351153334
1.4228984789010712,1.5101903384997688,0.5986396885413292,0.5640360295075814
1.3083780895386545,1.6340630369830575,12.883654625595193,10.284235115222412
1.2711822011511025,1.5517664055666276,53.93154407145076,41.46466308046588
1.0826556616836456,1.4570911248722804,4.799266766827861,3.564106547707474
1.1266277372000988,1.332174274538098,47.18319870846871,38.34178575069643
1.0801560124911291,1.546548745495587,54.720008284884486,34.761095514875244
1.4259665788973992,1.7979865433968196,47.05170784912561,35.48696935103289
1.292113930030609,1.3129064620126356,29.214776241685378,28.708587176958893
1.3675647137598168,1.6074249592441543,55.78258367893112,44.70994480644726
1.1480164314550128,1.7508065810149078,47.54355424110564,28.93222147597217
1.1856263185441387,1.7272828764220152,16.610973767513578,11.316333337057912
1.2024274822132668,1.843653905122101,45.05084348680878,27.48928487491783
1.3800074858720175,1.8673638009618583,70.5525773711142,44.17490872992221
1.386176493837284,1.7981940746435714,53.346662855236,38.20237388562337
1.103406763757016,1.3719583873013246,37.74332059150777,29.492243469634126
1.4707694283690496,1.6325157108030526,25.726728229556095,23.021199996308155
1.0603276687218433,1.722384170241326,6.870896755005829,4.2235288321733035
1.4480610412118151,1.4718962271666163,19.570170620722294,19.240667781795075
1.0501978228249047,1.3297862723527436,0.8949402469501511,0.7067676488532929
1.1322699055756555,1.4565132246132328,78.93007340199715,49.722259532485545
1.4232392680339785,1.6184260812128473,17.798580170299196,15.593278509702017
1.0897460361730438,1.5897512233382205,65.1900754148298,38.47809692853448
1.206783965654985,1.4236668869290132,13.491590544398289,11.406063072337034
1.2249296499720632,1.8770908798784451,22.688091968445914,14.57841947107925
1.1226294865116049,1.9479806681157072,33.46218553826934,18.527898392020163
1.3551226006679933,1.4409438233369007,25.952453131328408,24.302907141715774
1.4256673247011018,1.950701040897055,63.86806502078889,41.00637335586429
1.4372875699277858,1.3125026714226267,76.61547264123385,
1.1696610728682804,1.9474737308948618,70.02355869206788,34.36534482938288
1.2654251971439072,1.9663501530566356,12.286229355820524,7.870958818359734
1.1242032019328256,1.3084363041111478,62.135094107943225,49.42665543754387
1.1223982507750727,1.8341135077437236,11.835753064376915,7.210585337848382
1.080627031425962,1.9791411007988904,73.07048852496811,31.48975676301786
1.4700095054037574,1.9341315531724448,41.43028605348627,30.193511970784556
1.4439944143027899,1.979497112837349,26.910487044536538,19.278429378348964
1.3886793566638462,1.6852264539883475,12.562039786735424,10.324564606260797
1.2588307606438645,1.354709297919772,0.944727054320369,0.877859271901052
1.245303957755936,1.8948524384635252,19.83575933287078,12.885632705205172
1.2648728330912489,1.729679779066308,73.12160506250495,44.40892755387892
1.2682840067885446,1.7303157209318023,63.7809753817782,41.11431455677204
1.2172815423488452,1.5920775269010803,77.58349662005756,48.30562256395137
1.0658774164460336,1.7002893835647765,8.060921689709843,5.043086021194378
1.062831926434268,1.4075058453602802,47.37429948045356,33.752759353478275
1.4761248579228416,1.8178390185963051,20.57203792246213,16.578700337390046
1.2410153797931753,1.3525121151460797,43.435336461792595,39.11339935792584
1.4766027624525946,1.8108465369306543,25.636390845076413,20.65860416092857
1.081788438855055,1.894284895837398,22.677244019468603,12.719253382250828
1.2772082760199668,1.6307280742951418,45.9076241619678,34.23016558967229
1.1038586266757697,1.6568812562399344,14.665452949563225,9.710600353443718
1.1265923030633007,1.5185499910454547,37.53067495776935,26.868680523162265
1.0150272893805894,1.9786210086079112,52.064981203522784,23.86639856513579
1.0594766553701056,1.8131871321916817,10.254565854624325,5.970783377497602
1.4584242038145978,1.5582919873102414,74.44754167015232,64.37500595860838
1.1607664957411659,1.4223651703631035,40.45797595632998,31.974887418250894
1.3040646059572958,1.453705714541464,65.56223775074739,54.755362677254354
1.2325070659946364,1.624745600277035,52.312434449685064,36.892152060415874
1.200225622622639,1.9597978802200364,56.800075297803645,30.827447539772905
1.265943045673034,1.8139024420326426,57.29047527942704,35.961196614301706
1.0936194723076706,1.4506706237254048,70.0079917649178,45.108422531562496
1.4943019492597882,1.9016927933932286,49.08843480375393,36.42902958007161
1.4091539343519315,1.564740366106777,22.25737213771117,19.944259027410524
1.3708073163657577,1.8962055279267631,7.960771429236573,5.7461398476209435
1.2343796485069762,1.4691897185867917,48.50004955601132,38.995250927299516
1.076438561063168,1.7330624283554223,5.308224301646485,3.2941406391730474
1.460332929136784,1.9486693416568972,19.303476135162416,14.343250529630946
1.170693533690864,1.4805258064034559,4.856574768152937,3.838504545810488
1.0250533448484669,1.7850486134100985,43.91100712052537,23.469527538223655
1.1712018384053144,1.9911188339700008,12.827049995429443,7.503599454711672
1.3972285152479422,1.4054188010701025,48.83258555467786,48.452178494957884
1.3113543724941041,1.3618816034904722,63.269210469061406,59.315881775985815
1.3754192923724298,1.7719366347113714,65.75045766174898,45.05083667301483
1.3968176919311888,1.5378151634243213,24.763480651010195,22.362687146779617
1.1059773055402713,1.3498711341566139,43.91636261555968,34.630860310892174
1.4618916580465902,1.632713932518523,45.04086080690872,39.31454313547428
1.2189948014601864,1.827639475750769,37.830974572333325,24.147067210202362
1.3195068246320822,1.4995856802906322,52.409111313981185,44.20537241743121
1.001154386293371,1.5345328142535943,16.806969905882685,10.87372217949085
1.496684249205589,1.8919895804528806,78.33945916694354,50.781275686699544
1.1404481929820776,1.6640503385830416,7.846386167274595,5.368539261391385
